,COMPILED BY @PATRICKJFL,,,,,,,,,,,,,,,,,,,
ID,MP,Party,,Constituency,Endorsed,Source,2022 (final 3),2022 (initial),2019,MP since,Paid role in Johnson gov (2019â€“22),Brexit position,ERG,Party political compass,2017-22 gain from LAB,LDM 2nd?,Majority,Constituency Brexit %,Constituency Brexit group,"Please add endorsements if you see them with
CTRL + ALT + M"
310,Alexander Stafford,,Conservative,Rother Valley,Johnson,https://order-order.com/2022/10/21/whos-backing-who-the-spreadsheet-returns/,Truss,Truss,-,2019,No,Leave,,Auth Right,Yes,,13%,67%,Heavy Leave,
298,Alok Sharma,,Conservative,Reading West,Johnson,https://twitter.com/AlokSharma_RDG/status/1583492425703563264,-,-,Johnson,2010,Yes,Remain,,Lib Right,,,8%,52%,Soft Leave,
241,Amanda Milling,,Conservative,Cannock Chase,Johnson,https://conservativehome.com/2022/10/20/next-tory-leader-which-mp-is-backing-whom-sunak-in-front-johnson-a-close-second-with-mordaunt-a-distant-third/,Truss,Zahawi,Johnson,2015,Yes,Remain,,Auth Left,,,43%,69%,Heavy Leave,
184,Andrea Jenkyns,,Conservative,Morley and Outwood,Johnson,https://conservativehome.com/2022/10/20/next-tory-leader-which-mp-is-backing-whom-sunak-in-front-johnson-a-close-second-with-mordaunt-a-distant-third/,Truss,Truss,Raab,2015,Yes,Leave,Yes,Auth Right,,,22%,60%,Mid Leave,
311,Andrew Stephenson,,Conservative,Pendle,Johnson,https://conservativehome.com/2022/10/20/next-tory-leader-which-mp-is-backing-whom-sunak-in-front-johnson-a-close-second-with-mordaunt-a-distant-third/,-,-,Johnson,2010,Yes,Leave,,Lib Left,,,14%,63%,Heavy Leave,
331,Anne-Marie Trevelyan,,Conservative,Berwick-upon-Tweed,Johnson,https://twitter.com/annietrev/status/1583516523146407937?s=20&t=9Bx0B-c9GLDuDzIiEMHcWA,Truss,Tugendhat,Johnson,2015,Yes,Leave,,Lib Right,,,35%,55%,Soft Leave,
163,Antony Higginbotham,,Conservative,Burnley,Johnson,https://twitter.com/antony_hig/status/1583512265437118464?s=20&t=plGYTmC5wle3s9Uz9-mw_Q,Mordaunt,Mordaunt,-,2019,No,?,,Lib Right,Yes,,3%,67%,Heavy Leave,
54,Bill Cash,,Conservative,Stone,Johnson,https://twitter.com/BillCashMP/status/1583541931988385792?s=20&t=7q6AiRxsSSd1nOoQVH2qAg,Truss,Truss,Johnson,1984,No,Leave,Yes,Auth Left,,,40%,58%,Mid Leave,
314,Bob Stewart,,Conservative,Beckenham,Johnson,https://order-order.com/2022/10/21/whos-backing-who-the-spreadsheet-returns/,Mordaunt,Mordaunt,Johnson,2010,No,Leave,,Auth Left,,,28%,47%,Remain,
64,Brendan Clarke-Smith,,Conservative,Bassetlaw,Johnson,https://conservativehome.com/2022/10/20/next-tory-leader-which-mp-is-backing-whom-sunak-in-front-johnson-a-close-second-with-mordaunt-a-distant-third/,Truss,Truss,-,2019,No,?,Yes,Auth Right,Yes,,28%,68%,Heavy Leave,
187,Caroline Johnson,,Conservative,Sleaford and North Hykeham,Johnson,https://twitter.com/alirazamanji99/status/1583438104001536000,Truss,Badenoch,Johnson,2016,No,Leave,,Auth Right,,,49%,62%,Mid Leave,
65,Chris Clarkson,,Conservative,Heywood and Middleton,Johnson,https://order-order.com/2022/10/20/whos-backing-who-the-spreadsheet-returns/?fbclid=IwAR0IOMSIhqsvGvLx5cjIxkAWmgyKJfIyGNteh9F1NM0KlKF-3FmuLwTgtGs,Sunak,Sunak,-,2019,No,Leave,,Lib Right,Yes,,1%,62%,Heavy Leave,
59,Christopher Chope,,Conservative,Christchurch,Johnson,https://conservativehome.com/2022/10/20/next-tory-leader-which-mp-is-backing-whom-sunak-in-front-johnson-a-close-second-with-mordaunt-a-distant-third/,Truss,Truss,-,1997,No,Leave,Yes,Auth Left,,Yes,47%,60%,Mid Leave,
249,David Morris,,Conservative,Morecambe and Lunesdale,Johnson,https://twitter.com/davidmorrisml/status/1583137864648658944,-,Hunt,Hunt,2010,No,Remain,,Auth Left,,,14%,58%,Mid Leave,
207,Edward Leigh,,Conservative,Gainsborough,Johnson,https://order-order.com/2022/10/20/whos-backing-who-the-spreadsheet-returns/?fbclid=IwAR0IOMSIhqsvGvLx5cjIxkAWmgyKJfIyGNteh9F1NM0KlKF-3FmuLwTgtGs,Truss,Truss,Gove,1983,No,Leave,,Auth Left,,,45%,62%,Mid Leave,
188,Gareth Johnson,,Conservative,Dartford,Johnson,https://order-order.com/2022/10/21/whos-backing-who-the-spreadsheet-returns/,Truss,Truss,Raab,2010,Yes,Leave,,Auth Right,,,35%,64%,Heavy Leave,
303,Greg Smith,,Conservative,Buckingham,Johnson,https://twitter.com/GuidoFawkes/status/1583469368507510785,Truss,Braverman,-,2019,No,Leave,Yes,Auth Right,,Yes,32%,49%,Remain,
304,Henry Smith,,Conservative,Crawley,Johnson,https://order-order.com/2022/10/20/whos-backing-who-the-spreadsheet-returns/?fbclid=IwAR0IOMSIhqsvGvLx5cjIxkAWmgyKJfIyGNteh9F1NM0KlKF-3FmuLwTgtGs,Truss,Braverman,Johnson,2010,No,Leave,Yes,Auth Left,,,17%,58%,Mid Leave,
255,Holly Mumby-Croft,,Conservative,Scunthorpe,Johnson,https://conservativehome.com/2022/10/20/next-tory-leader-which-mp-is-backing-whom-sunak-in-front-johnson-a-close-second-with-mordaunt-a-distant-third/,-,-,-,2019,No,?,,Lib Left,Yes,,17%,69%,Heavy Leave,
208,Ian Levy,,Conservative,Blyth Valley,Johnson,https://order-order.com/2022/10/20/whos-backing-who-the-spreadsheet-returns/?fbclid=IwAR0IOMSIhqsvGvLx5cjIxkAWmgyKJfIyGNteh9F1NM0KlKF-3FmuLwTgtGs,Mordaunt,Mordaunt,-,2019,No,Leave,,Auth Left,Yes,,2%,61%,Mid Leave,
282,Jacob Rees-Mogg,,Conservative,North East Somerset,Johnson,https://twitter.com/christopherhope/status/1583174374026534913,Truss,Truss,Johnson,2010,Yes,Leave,Yes,Auth Right,,,26%,52%,Soft Leave,
97,James Duddridge,,Conservative,Rochford and Southend East,Johnson,https://conservativehome.com/2022/10/20/next-tory-leader-which-mp-is-backing-whom-sunak-in-front-johnson-a-close-second-with-mordaunt-a-distant-third/,Truss,Truss,Johnson,2005,Yes,Leave,Yes,Lib Right,,,27%,61%,Mid Leave,
145,James Grundy,,Conservative,Leigh,Johnson,https://conservativehome.com/2022/10/20/next-tory-leader-which-mp-is-backing-whom-sunak-in-front-johnson-a-close-second-with-mordaunt-a-distant-third/,Truss,Truss,-,2019,No,?,,Auth Right,Yes,,4%,63%,Heavy Leave,
176,Jane Hunt,,Conservative,Loughborough,Johnson,https://order-order.com/2022/10/20/whos-backing-who-the-spreadsheet-returns/?fbclid=IwAR0IOMSIhqsvGvLx5cjIxkAWmgyKJfIyGNteh9F1NM0KlKF-3FmuLwTgtGs,-,-,-,2019,No,?,,Lib Right,,,13%,50%,Soft Leave,
312,Jane Stevenson,,Conservative,Wolverhampton North East,Johnson,https://order-order.com/2022/10/21/whos-backing-who-the-spreadsheet-returns/,Truss,Truss,-,2019,No,?,,Auth Left,Yes,,12%,68%,Heavy Leave,
252,Jill Mortimer,,Conservative,Hartlepool,Johnson,https://order-order.com/2022/10/20/whos-backing-who-the-spreadsheet-returns/?fbclid=IwAR0IOMSIhqsvGvLx5cjIxkAWmgyKJfIyGNteh9F1NM0KlKF-3FmuLwTgtGs,Mordaunt,Mordaunt,-,2021,No,?,,Auth Right,Yes,,23%,70%,Heavy Leave,
146,Jonathan Gullis,,Conservative,Stoke-on-Trent North,Johnson,https://twitter.com/Gabriel_Pogrund/status/1583414219407441921,Truss,Zahawi,-,2019,No,?,Yes,Lib Right,Yes,,16%,72%,Heavy Leave,
232,Karl McCartney,,Conservative,Lincoln,Johnson,https://conservativehome.com/2022/10/20/next-tory-leader-which-mp-is-backing-whom-sunak-in-front-johnson-a-close-second-with-mordaunt-a-distant-third/,-,-,Johnson,2019,No,Leave,,Auth Left,Yes,,7%,57%,Mid Leave,
327,Kelly Tolhurst,,Conservative,Rochester and Strood,Johnson,https://order-order.com/2022/10/20/whos-backing-who-the-spreadsheet-returns/?fbclid=IwAR0IOMSIhqsvGvLx5cjIxkAWmgyKJfIyGNteh9F1NM0KlKF-3FmuLwTgtGs,-,-,Johnson,2015,Yes,Remain,,Auth Right,,,33%,64%,Heavy Leave,
89,Leo Docherty,,Conservative,Aldershot,Johnson,https://twitter.com/LeoDochertyUK/status/1583418690120212482,Truss,Badenoch,Johnson,2017,Yes,?,,Lib Right,,,35%,58%,Mid Leave,
260,Lia Nici,,Conservative,Great Grimsby,Johnson,https://conservativehome.com/2022/10/20/next-tory-leader-which-mp-is-backing-whom-sunak-in-front-johnson-a-close-second-with-mordaunt-a-distant-third/,Truss,Truss,-,2019,No,?,,Lib Left,Yes,,22%,71%,Heavy Leave,
215,Marco Longhi,,Conservative,Dudley North,Johnson,https://conservativehome.com/2022/10/20/next-tory-leader-which-mp-is-backing-whom-sunak-in-front-johnson-a-close-second-with-mordaunt-a-distant-third/,Truss,Badenoch,-,2019,No,Leave,Yes,Auth Right,Yes,,31%,71%,Heavy Leave,
56,Maria Caulfield,,Conservative,Lewes,Johnson,https://order-order.com/2022/10/20/whos-backing-who-the-spreadsheet-returns/?fbclid=IwAR0IOMSIhqsvGvLx5cjIxkAWmgyKJfIyGNteh9F1NM0KlKF-3FmuLwTgtGs,Sunak,Sunak,Raab,2015,Yes,Leave,,Auth Right,,Yes,4%,47%,Remain,
101,Mark Eastwood,,Conservative,Dewsbury,Johnson,https://order-order.com/2022/10/20/whos-backing-who-the-spreadsheet-returns/?fbclid=IwAR0IOMSIhqsvGvLx5cjIxkAWmgyKJfIyGNteh9F1NM0KlKF-3FmuLwTgtGs,Truss,Truss,-,2019,No,?,,Lib Right,Yes,,3%,57%,Mid Leave,
275,Mark Pritchard,,Conservative,The Wrekin,Johnson,https://order-order.com/2022/10/20/whos-backing-who-the-spreadsheet-returns/?fbclid=IwAR0IOMSIhqsvGvLx5cjIxkAWmgyKJfIyGNteh9F1NM0KlKF-3FmuLwTgtGs,Truss,Shapps,Johnson,2005,No,Remain,,Auth Left,,,38%,59%,Mid Leave,
264,Matthew Offord,,Conservative,Hendon,Johnson,https://order-order.com/2022/10/21/whos-backing-who-rishi-levels-up-to-boris/,Truss,Truss,Johnson,2010,No,Leave,,Auth Left,,,8%,42%,Remain,
111,Michael Fabricant,,Conservative,Lichfield,Johnson,https://conservativehome.com/2022/10/20/next-tory-leader-which-mp-is-backing-whom-sunak-in-front-johnson-a-close-second-with-mordaunt-a-distant-third/,Mordaunt,Mordaunt,Gove,1992,No,Leave,Yes,Lib Right,,,44%,58%,Mid Leave,
91,Nadine Dorries,,Conservative,Mid Bedfordshire,Johnson,https://conservativehome.com/2022/10/20/next-tory-leader-which-mp-is-backing-whom-sunak-in-front-johnson-a-close-second-with-mordaunt-a-distant-third/,Truss,Truss,Johnson,2005,Yes,Leave,,Auth Left,,,38%,53%,Soft Leave,
1,Nigel Adams,,Conservative,Selby and Ainsty,Johnson,https://twitter.com/christopherhope/status/1583174374026534913,-,-,Johnson,2010,Yes,Leave,,Auth Left,,,36%,58%,Mid Leave,
42,Paul Bristow,,Conservative,Peterborough,Johnson,https://conservativehome.com/2022/10/20/next-tory-leader-which-mp-is-backing-whom-sunak-in-front-johnson-a-close-second-with-mordaunt-a-distant-third/,Truss,Shapps,-,2019,No,?,Yes,Auth Right,Yes,,5%,63%,Heavy Leave,
32,Peter Bone,,Conservative,Wellingborough,Johnson,https://conservativehome.com/2022/10/20/next-tory-leader-which-mp-is-backing-whom-sunak-in-front-johnson-a-close-second-with-mordaunt-a-distant-third/,Truss,Truss,Johnson,2005,No,Leave,,Auth Left,,,36%,63%,Heavy Leave,
168,Philip Hollobone,,Conservative,Kettering,Johnson,https://order-order.com/2022/10/20/whos-backing-who-the-spreadsheet-returns/?fbclid=IwAR0IOMSIhqsvGvLx5cjIxkAWmgyKJfIyGNteh9F1NM0KlKF-3FmuLwTgtGs,-,Braverman,-,2005,No,Leave,,Auth Left,,,34%,61%,Mid Leave,
95,Richard Drax,,Conservative,South Dorset,Johnson,https://order-order.com/2022/10/20/whos-backing-who-the-spreadsheet-returns/?fbclid=IwAR0IOMSIhqsvGvLx5cjIxkAWmgyKJfIyGNteh9F1NM0KlKF-3FmuLwTgtGs,Truss,Braverman,Johnson,2010,No,Leave,Yes,Auth Left,,,34%,59%,Mid Leave,
26,Scott Benton,,Conservative,Blackpool South,Johnson,https://order-order.com/2022/10/20/whos-backing-who-the-spreadsheet-returns/?fbclid=IwAR0IOMSIhqsvGvLx5cjIxkAWmgyKJfIyGNteh9F1NM0KlKF-3FmuLwTgtGs,Truss,Braverman,-,2019,No,?,,Auth Left,Yes,,11%,68%,Heavy Leave,
335,Shailesh Vara,,Conservative,North West Cambridgeshire,Johnson,https://order-order.com/2022/10/20/whos-backing-who-the-spreadsheet-returns/?fbclid=IwAR0IOMSIhqsvGvLx5cjIxkAWmgyKJfIyGNteh9F1NM0KlKF-3FmuLwTgtGs,Sunak,Sunak,Raab,2005,Yes,Remain,,Auth Left,,,40%,57%,Mid Leave,
17,Shaun Bailey,,Conservative,West Bromwich West,Johnson,https://conservativehome.com/2022/10/20/next-tory-leader-which-mp-is-backing-whom-sunak-in-front-johnson-a-close-second-with-mordaunt-a-distant-third/,Truss,Truss,-,2019,No,?,,Auth Right,Yes,,11%,69%,Heavy Leave,
257,Sheryll Murray,,Conservative,South East Cornwall,Johnson,https://order-order.com/2022/10/20/whos-backing-who-the-spreadsheet-returns/?fbclid=IwAR0IOMSIhqsvGvLx5cjIxkAWmgyKJfIyGNteh9F1NM0KlKF-3FmuLwTgtGs,Truss,Shapps,Johnson,2010,No,Leave,Yes,Auth Left,,,39%,55%,Soft Leave,
62,Simon Clarke,,Conservative,Middlesbrough South and East Cleveland,Johnson,https://twitter.com/christopherhope/status/1583443917940609025,Truss,Truss,Johnson,2017,Yes,?,,Auth Right,Yes,,24%,65%,Heavy Leave,
233,Stephen McPartland,,Conservative,Stevenage,Johnson,https://conservativehome.com/2022/10/20/next-tory-leader-which-mp-is-backing-whom-sunak-in-front-johnson-a-close-second-with-mordaunt-a-distant-third/,Truss,Truss,Johnson,2010,No,Leave,Yes,Auth Left,,,18%,57%,Mid Leave,
276,Tom Pursglove,,Conservative,Corby,Johnson,https://twitter.com/VotePursglove/status/1583200497959174144?s=20&t=myLabaGhgVNrrb0ywgS9Cg,Truss,Truss,Raab,2015,Yes,Leave,,Auth Right,,,17%,60%,Mid Leave,
154,Trudy Harrison,,Conservative,Copeland,Johnson,https://order-order.com/2022/10/20/whos-backing-who-the-spreadsheet-returns/?fbclid=IwAR0IOMSIhqsvGvLx5cjIxkAWmgyKJfIyGNteh9F1NM0KlKF-3FmuLwTgtGs,Mordaunt,Shapps,Gove,2017,Yes,?,,Lib Right,Yes,,14%,59%,Mid Leave,
160,Chris Heaton-Harris,,Conservative,Daventry,Johnson,https://twitter.com/JAHeale/status/1583573806115074049,-,-,Leadsom,2010,Yes,Leave,Yes,Lib Left,,,45%,59%,Mid Leave,
266,Priti Patel,,Conservative,Witham,Johnson,https://twitter.com/pritipatel/status/1583755515015749633?s=20&t=P3JEu7S7pTepL5P3tNKCSg,-,-,Johnson,2010,Yes,Leave,,Auth Left,,,49%,61%,Mid Leave,
110,Ben Everitt,,Conservative,Milton Keynes North,Johnson,https://docs.google.com/spreadsheets/d/1PRufWhh2YAoxPUJEXeVaEOe7rcT1IINOXijeLI6o9Cc/htmlview?pru=AAABhCNRrXQ*PIllJweU8faUyX0GNNGyRA#gid=0,-,Zahawi,-,2019,No,?,,Lib Left,,,10%,50%,Remain,
206,Andrea Leadsom,,Conservative,South Northamptonshire,Mordaunt,https://conservativehome.com/2022/10/20/next-tory-leader-which-mp-is-backing-whom-sunak-in-front-johnson-a-close-second-with-mordaunt-a-distant-third/,Mordaunt,Mordaunt,Leadsom,2010,Yes,Leave,Yes,Auth Right,,,41%,53%,Soft Leave,
295,Bob Seely,,Conservative,Isle of Wight,Mordaunt,BBC News,Mordaunt,Mordaunt,Johnson,2017,No,Leave,,Lib Left,,,32%,62%,Mid Leave,
10,Caroline Ansell,,Conservative,Eastbourne,Mordaunt,https://twitter.com/Caroline_Ansell/status/1583372518622044160?s=20&t=T1gg0_1zDlaHSbW79U2i8Q,Mordaunt,Mordaunt,-,2019,No,Leave,,Auth Left,,Yes,8%,58%,Mid Leave,
86,Caroline Dinenage,,Conservative,Gosport,Mordaunt,https://twitter.com/cj_dinenage/status/1583232718405795840,Mordaunt,Mordaunt,Hancock,2010,Yes,Remain,,Lib Right,,,48%,62%,Mid Leave,
330,Craig Tracey,,Conservative,North Warwickshire,Mordaunt,https://conservativehome.com/2022/10/20/next-tory-leader-which-mp-is-backing-whom-sunak-in-front-johnson-a-close-second-with-mordaunt-a-distant-third/,Mordaunt,Mordaunt,Johnson,2015,No,Leave,,Auth Right,,,39%,68%,Heavy Leave,
70,Damian Collins,,Conservative,Folkestone and Hythe,Mordaunt,https://conservativehome.com/2022/10/20/next-tory-leader-which-mp-is-backing-whom-sunak-in-front-johnson-a-close-second-with-mordaunt-a-distant-third/,Mordaunt,Mordaunt,Johnson,2010,No,Remain,,Lib Left,,,36%,62%,Mid Leave,
324,Derek Thomas,,Conservative,St Ives,Mordaunt,https://conservativehome.com/2022/10/20/next-tory-leader-which-mp-is-backing-whom-sunak-in-front-johnson-a-close-second-with-mordaunt-a-distant-third/,Mordaunt,Mordaunt,Leadsom,2015,No,Leave,,Auth Left,,Yes,8%,55%,Soft Leave,
69,Elliot Colburn,,Conservative,Carshalton and Wallington,Mordaunt,https://order-order.com/2022/10/20/whos-backing-who-the-spreadsheet-returns/?fbclid=IwAR0IOMSIhqsvGvLx5cjIxkAWmgyKJfIyGNteh9F1NM0KlKF-3FmuLwTgtGs,Mordaunt,Mordaunt,-,2019,No,?,,Lib Left,,Yes,1%,56%,Mid Leave,
123,George Freeman,,Conservative,Mid Norfolk,Mordaunt,https://twitter.com/GeorgeFreemanMP/status/1583386207534616582,Mordaunt,Mordaunt,Hancock,2010,Yes,Remain,,Lib Left,,,40%,61%,Mid Leave,
21,Harriett Baldwin,,Conservative,West Worcestershire,Mordaunt,https://twitter.com/hbaldwin/status/1583203093097119744,Mordaunt,Mordaunt,Hunt,2010,No,Remain,,Lib Left,,Yes,43%,53%,Soft Leave,
347,Heather Wheeler,,Conservative,South Derbyshire,Mordaunt,https://order-order.com/2022/10/20/whos-backing-who-the-spreadsheet-returns/?fbclid=IwAR0IOMSIhqsvGvLx5cjIxkAWmgyKJfIyGNteh9F1NM0KlKF-3FmuLwTgtGs,Mordaunt,Mordaunt,Leadsom,2010,Yes,Leave,,Auth Left,,,36%,60%,Mid Leave,
81,James Davies,,Conservative,Vale of Clwyd,Mordaunt,https://order-order.com/2022/10/20/whos-backing-who-the-spreadsheet-returns/?fbclid=IwAR0IOMSIhqsvGvLx5cjIxkAWmgyKJfIyGNteh9F1NM0KlKF-3FmuLwTgtGs,Mordaunt,Shapps,-,2019,No,Leave,,Lib Left,Yes,,5%,57%,Mid Leave,
203,John Lamont,,Conservative,"Berwickshire, Roxburgh and Selkirk",Mordaunt,https://conservativehome.com/2022/10/20/next-tory-leader-which-mp-is-backing-whom-sunak-in-front-johnson-a-close-second-with-mordaunt-a-distant-third/,Mordaunt,Mordaunt,Hunt,2017,No,?,,Auth Right,,,10%,43%,Remain,
269,John Penrose,,Conservative,Weston-Super-Mare,Mordaunt,https://twitter.com/JohnPenroseNews/status/1583183923294932992,Mordaunt,Mordaunt,Hunt,2005,No,Remain,Yes,Lib Right,,,31%,57%,Mid Leave,
254,Kieran Mullan,,Conservative,Crewe and Nantwich,Mordaunt,https://conservativehome.com/2022/10/20/next-tory-leader-which-mp-is-backing-whom-sunak-in-front-johnson-a-close-second-with-mordaunt-a-distant-third/,Mordaunt,Mordaunt,-,2019,No,?,,Auth Left,Yes,,16%,60%,Mid Leave,
127,Marcus Fysh,,Conservative,Yeovil,Mordaunt,https://twitter.com/marcusfysh/status/1583513169104097287?s=46&t=CaHiusy680SLopDFx98R0A,Truss,Truss,Johnson,2015,No,Leave,,Auth Left,,Yes,27%,60%,Mid Leave,
240,Maria Miller,,Conservative,Basingstoke,Mordaunt,https://conservativehome.com/2022/10/20/next-tory-leader-which-mp-is-backing-whom-sunak-in-front-johnson-a-close-second-with-mordaunt-a-distant-third/,Mordaunt,Mordaunt,Raab,2005,No,Remain,,Lib Right,,,26%,54%,Soft Leave,
286,Mary Robinson,,Conservative,Cheadle,Mordaunt,https://www.mary-robinson.org.uk/news/resignation-liz-truss,Truss,Javid,Javid,2015,No,Remain,,Auth Left,,Yes,4%,43%,Remain,
174,Neil Hudson,,Conservative,Penrith and The Border,Mordaunt,https://twitter.com/DrNeilHudson/status/1583482113671979015,-,Tugendhat,-,2019,No,?,,Lib Left,,,39%,55%,Soft Leave,
283,Nicola Richards,,Conservative,West Bromwich East,Mordaunt,https://conservativehome.com/2022/10/20/next-tory-leader-which-mp-is-backing-whom-sunak-in-front-johnson-a-close-second-with-mordaunt-a-distant-third/,Mordaunt,Mordaunt,-,2019,No,Leave,,Lib Left,Yes,,4%,68%,Heavy Leave,
246,Robbie Moore,,Conservative,Keighley,Mordaunt,https://conservativehome.com/2022/10/20/next-tory-leader-which-mp-is-backing-whom-sunak-in-front-johnson-a-close-second-with-mordaunt-a-distant-third/,Mordaunt,Mordaunt,-,2019,No,?,,Lib Right,Yes,,4%,53%,Soft Leave,
128,Roger Gale,,Conservative,North Thanet,Mordaunt,https://twitter.com/SkyNews/status/1583471802218557440,Mordaunt,Mordaunt,Hunt,1983,No,Remain,,Auth Left,,,36%,65%,Heavy Leave,
247,Penny Mordaunt,,Conservative,Portsmouth North,Mordaunt,Herself,Mordaunt,Mordaunt,Hunt,2010,Yes,Leave,Yes,Lib Right,,,34%,64%,Heavy Leave,
223,Alan Mak,,Conservative,Havant,Sunak,https://twitter.com/AlanMakMP/status/1583558923646545920?s=20&t=wL_oFw-zuFXa0Q_5M0kLew,Sunak,Sunak,Hunt,2015,No,Remain,,Lib Right,,,47%,63%,Heavy Leave,
57,Alex Chalk,,Conservative,Cheltenham,Sunak,https://conservativehome.com/2022/10/20/next-tory-leader-which-mp-is-backing-whom-sunak-in-front-johnson-a-close-second-with-mordaunt-a-distant-third/,Sunak,Sunak,Hancock,2015,Yes,Remain,,Lib Right,,Yes,2%,43%,Remain,
34,Andrew Bowie,,Conservative,West Aberdeenshire and Kincardine,Sunak,https://conservativehome.com/2022/10/20/next-tory-leader-which-mp-is-backing-whom-sunak-in-front-johnson-a-close-second-with-mordaunt-a-distant-third/,Sunak,Sunak,Hancock,2017,No,Remain,,Lib Right,,,2%,39%,Remain,
40,Andrew Bridgen,,Conservative,North West Leicestershire,Sunak,https://twitter.com/GuidoFawkes/status/1583468304152154112,Sunak,Sunak,Johnson,2010,No,Leave,Yes,Auth Left,,,38%,61%,Mid Leave,
190,Andrew Jones,,Conservative,Harrogate and Knaresborough,Sunak,https://order-order.com/2022/10/21/whos-backing-who-rishi-levels-up-to-boris/,Sunak,Sunak,Hunt,2010,No,Remain,,Lib Right,,Yes,17%,47%,Remain,
243,Andrew Mitchell,,Conservative,Sutton Coldfield,Sunak,https://twitter.com/thewire_in/status/1583420595244793857,Sunak,Hunt,Johnson,2001,No,Remain,,Lib Left,,,37%,52%,Soft Leave,
258,Andrew Murrison,,Conservative,South West Wiltshire,Sunak,https://conservativehome.com/2022/10/20/next-tory-leader-which-mp-is-backing-whom-sunak-in-front-johnson-a-close-second-with-mordaunt-a-distant-third/,Sunak,Sunak,Raab,2001,Yes,Leave,,Auth Right,,,39%,57%,Mid Leave,
270,Andrew Percy,,Conservative,Brigg and Goole,Sunak,https://order-order.com/2022/10/21/whos-backing-who-rishi-levels-up-to-boris/,-,-,Johnson,2010,No,Leave,,Lib Left,,,51%,66%,Heavy Leave,
284,Angela Richardson,,Conservative,Guildford,Sunak,https://conservativehome.com/2022/10/20/next-tory-leader-which-mp-is-backing-whom-sunak-in-front-johnson-a-close-second-with-mordaunt-a-distant-third/,Sunak,Sunak,-,2019,No,Leave,,Lib Right,,Yes,6%,41%,Remain,
44,Anthony Browne,,Conservative,South Cambridgeshire,Sunak,https://order-order.com/2022/10/20/whos-backing-who-the-spreadsheet-returns/?fbclid=IwAR0IOMSIhqsvGvLx5cjIxkAWmgyKJfIyGNteh9F1NM0KlKF-3FmuLwTgtGs,Sunak,Sunak,-,2019,No,Remain,,Lib Right,,Yes,4%,39%,Remain,
225,Anthony Mangnall,,Conservative,Totnes,Sunak,https://conservativehome.com/2022/10/20/next-tory-leader-which-mp-is-backing-whom-sunak-in-front-johnson-a-close-second-with-mordaunt-a-distant-third/,Sunak,Hunt,-,2019,No,?,,Lib Left,,Yes,24%,54%,Soft Leave,
2,Bim Afolami,,Conservative,Hitchin and Harpenden,Sunak,https://conservativehome.com/2022/10/20/next-tory-leader-which-mp-is-backing-whom-sunak-in-front-johnson-a-close-second-with-mordaunt-a-distant-third/,Sunak,Sunak,Hancock,2017,No,Remain,Yes,Lib Right,,Yes,12%,40%,Remain,
259,Bob Neill,,Conservative,Bromley and Chislehurst,Sunak,https://twitter.com/neill_bob/status/1583413990348099584,Sunak,Sunak,Gove,2006,No,Remain,,Lib Left,,,24%,50%,Remain,
271,Chris Philp,,Conservative,Croydon South,Sunak,https://twitter.com/lara_spirit/status/1583473009893179392,Truss,Javid,Javid,2015,Yes,Remain,,Lib Right,,,21%,46%,Remain,
73,Claire Coutinho,,Conservative,East Surrey,Sunak,https://twitter.com/ClaireCoutinho/status/1583349638060335104?s=20&t=1oJUo5jp2WcUywWc6Sl2Rg,Sunak,Sunak,-,2019,No,?,,Lib Right,,Yes,40%,54%,Soft Leave,
352,Craig Williams,,Conservative,Montgomeryshire,Sunak,https://conservativehome.com/2022/10/20/next-tory-leader-which-mp-is-backing-whom-sunak-in-front-johnson-a-close-second-with-mordaunt-a-distant-third/,Sunak,Sunak,-,2019,No,Remain,,Auth Right,,Yes,35%,56%,Soft Leave,
31,Crispin Blunt,,Conservative,Reigate,Sunak,https://conservativehome.com/2022/10/20/next-tory-leader-which-mp-is-backing-whom-sunak-in-front-johnson-a-close-second-with-mordaunt-a-distant-third/,Sunak,Hunt,Johnson,1997,No,Leave,Yes,Lib Left,,,34%,48%,Remain,
164,Damian Hinds,,Conservative,East Hampshire,Sunak,https://twitter.com/DamianHinds/status/1583356063163723776,Sunak,Sunak,Gove,2010,Yes,Remain,,Lib Right,,Yes,35%,49%,Remain,
79,David Davies,,Conservative,Monmouth,Sunak,https://order-order.com/2022/10/21/whos-backing-who-the-spreadsheet-returns/,Truss,Truss,Raab,2005,No,Leave,,Auth Right,,,20%,48%,Remain,
291,David Rutley,,Conservative,Macclesfield,Sunak,https://twitter.com/DavidRutley/status/1583468136074211329,Sunak,Sunak,-,2010,Yes,Remain,,Auth Right,,,20%,47%,Remain,
279,Dominic Raab,,Conservative,Esher and Walton,Sunak,https://conservativehome.com/2022/10/20/next-tory-leader-which-mp-is-backing-whom-sunak-in-front-johnson-a-close-second-with-mordaunt-a-distant-third/,Sunak,Sunak,Raab,2010,Yes,Leave,,Lib Left,,Yes,4%,42%,Remain,
19,Duncan Baker,,Conservative,North Norfolk,Sunak,https://twitter.com/duncancbaker/status/1583494513514774534,Mordaunt,Mordaunt,-,2019,No,?,,Auth Right,,Yes,28%,58%,Mid Leave,
326,Edward Timpson,,Conservative,Eddisbury,Sunak,https://order-order.com/2022/10/20/whos-backing-who-the-spreadsheet-returns/?fbclid=IwAR0IOMSIhqsvGvLx5cjIxkAWmgyKJfIyGNteh9F1NM0KlKF-3FmuLwTgtGs,Sunak,Sunak,-,2019,No,Remain,,Lib Right,,,35%,52%,Soft Leave,
192,Fay Jones,,Conservative,Brecon and Radnorshire,Sunak,https://conservativehome.com/2022/10/20/next-tory-leader-which-mp-is-backing-whom-sunak-in-front-johnson-a-close-second-with-mordaunt-a-distant-third/,Sunak,Sunak,-,2019,No,?,,Lib Right,,Yes,17%,52%,Soft Leave,
80,Gareth Davies,,Conservative,Grantham and Stamford,Sunak,https://order-order.com/2022/10/21/whos-backing-who-the-spreadsheet-returns/,Sunak,Sunak,-,2019,No,?,,Auth Right,,,46%,61%,Mid Leave,
316,Gary Streeter,,Conservative,South West Devon,Sunak,https://conservativehome.com/2022/10/20/next-tory-leader-which-mp-is-backing-whom-sunak-in-front-johnson-a-close-second-with-mordaunt-a-distant-third/,Sunak,Sunak,McVey,1992,No,Remain,,Auth Left,,,40%,55%,Soft Leave,
353,Gavin Williamson,,Conservative,South Staffordshire,Sunak,https://twitter.com/GavinWilliamson/status/1583402377373450240?s=20&t=OaN-8MEDoOFUMPzSaHMfRw,Sunak,Sunak,Johnson,2010,Yes,Remain,,Auth Right,,,56%,65%,Heavy Leave,
106,George Eustice,,Conservative,Camborne and Redruth,Sunak,https://twitter.com/MattChorley/status/1583416903195713536,Sunak,Shapps,Gove,2010,Yes,Leave,,Auth Right,,,17%,58%,Mid Leave,
197,Gillian Keegan,,Conservative,Chichester,Sunak,https://twitter.com/GillianKeegan/status/1583477202800123907,Sunak,Sunak,Stewart,2017,Yes,Remain,,Lib Right,,Yes,35%,51%,Soft Leave,
61,Greg Clark,,Conservative,Tunbridge Wells,Sunak,https://twitter.com/GregClarkMP/status/1583431549038383104,-,-,Hunt,2005,Yes,Remain,,Lib Left,,Yes,27%,45%,Remain,
265,Guy Opperman,,Conservative,Hexham,Sunak,https://twitter.com/GuyOpperman/status/1583351417611636737?s=20&t=VN1PLJU33AypUeFiIyKxrQ,Sunak,Sunak,Gove,2010,Yes,Remain,,Lib Right,,,23%,45%,Remain,
346,Helen Whately,,Conservative,Faversham and Mid Kent,Sunak,https://twitter.com/Helen_Whately/status/1583190159218315264,Sunak,Sunak,Hunt,2015,Yes,Remain,,Auth Right,,,44%,59%,Mid Leave,
237,Huw Merriman,,Conservative,Bexhill and Battle,Sunak,https://order-order.com/2022/10/20/whos-backing-who-the-spreadsheet-returns/?fbclid=IwAR0IOMSIhqsvGvLx5cjIxkAWmgyKJfIyGNteh9F1NM0KlKF-3FmuLwTgtGs,Sunak,Sunak,Hunt,2015,No,Remain,,Lib Left,,,44%,58%,Mid Leave,
315,Iain Stewart,,Conservative,Milton Keynes South,Sunak,https://order-order.com/2022/10/21/whos-backing-who-the-spreadsheet-returns/,-,-,Hunt,2010,Yes,Leave,,Auth Right,,,11%,53%,Soft Leave,
53,James Cartlidge,,Conservative,South Suffolk,Sunak,https://conservativehome.com/2022/10/20/next-tory-leader-which-mp-is-backing-whom-sunak-in-front-johnson-a-close-second-with-mordaunt-a-distant-third/,Sunak,Sunak,Hunt,2015,No,Remain,,Auth Right,,,43%,54%,Soft Leave,
78,James Daly,,Conservative,Bury North,Sunak,https://twitter.com/JamesDalyMP/status/1583450417261780997?s=20&t=ikZIdN7VaF_GPPR_VXz8HA,Truss,Tugendhat,-,2019,No,?,,Auth Right,Yes,,0%,54%,Soft Leave,
139,James Gray,,Conservative,North Wiltshire,Sunak,https://order-order.com/2022/10/21/whos-backing-who-the-spreadsheet-returns/,Mordaunt,Mordaunt,-,1997,No,Leave,,Auth Left,,Yes,32%,50%,Soft Leave,
250,James Morris,,Conservative,Halesowen and Rowley Regis,Sunak,https://twitter.com/JamesMorris/status/1583188328660471808,Sunak,Sunak,Hunt,2010,Yes,Remain,Yes,Auth Right,,,29%,67%,Heavy Leave,
351,James Wild,,Conservative,North West Norfolk,Sunak,https://twitter.com/jamesowild/status/1583472489107447808,Sunak,Sunak,-,2019,No,?,,Lib Right,,,43%,66%,Heavy Leave,
342,Jamie Wallis,,Conservative,Bridgend,Sunak,https://twitter.com/JamieWallisMP/status/1583538119877746688?s=20&t=PbDunpK1Qh_nt-dSB0GRSA,Mordaunt,Mordaunt,-,2019,No,?,,Lib Right,Yes,,3%,50%,Soft Leave,
277,Jeremy Quin,,Conservative,Horsham,Sunak,https://docs.google.com/spreadsheets/d/1PRufWhh2YAoxPUJEXeVaEOe7rcT1IINOXijeLI6o9Cc/edit#gid=0,Sunak,Sunak,-,2015,Yes,Remain,,Auth Left,,Yes,33%,50%,Remain,
133,Jo Gideon,,Conservative,Stoke-on-Trent Central,Sunak,https://conservativehome.com/2022/10/20/next-tory-leader-which-mp-is-backing-whom-sunak-in-front-johnson-a-close-second-with-mordaunt-a-distant-third/,Sunak,Tugendhat,-,2019,No,?,,Lib Left,Yes,,2%,65%,Heavy Leave,
23,John Baron,,Conservative,Basildon and Billericay,Sunak,https://twitter.com/MattLeeJourno/status/1583435265674473474,Mordaunt,Mordaunt,Raab,2001,No,Leave,,Lib Left,,,46%,67%,Heavy Leave,
134,John Glen,,Conservative,Salisbury,Sunak,https://conservativehome.com/2022/10/20/next-tory-leader-which-mp-is-backing-whom-sunak-in-front-johnson-a-close-second-with-mordaunt-a-distant-third/,Sunak,Sunak,Javid,2010,No,Remain,,Auth Left,,Yes,37%,50%,Remain,
171,John Howell,,Conservative,Henley,Sunak,https://order-order.com/2022/10/21/rishi-passes-the-threshold-for-nominations/,Sunak,Sunak,Hunt,2008,No,Remain,,Lib Right,,Yes,24%,43%,Remain,
313,John Stevenson,,Conservative,Carlisle,Sunak,https://conservativehome.com/2022/10/20/next-tory-leader-which-mp-is-backing-whom-sunak-in-front-johnson-a-close-second-with-mordaunt-a-distant-third/,Sunak,Tugendhat,Gove,2010,No,Remain,,Auth Left,,,19%,61%,Mid Leave,
236,Johnny Mercer,,Conservative,Plymouth Moor View,Sunak,https://twitter.com/danbloom1/status/1583490649864929282,-,-,Johnson,2015,Yes,Remain,,Lib Left,,,29%,66%,Heavy Leave,
88,Jonathan Djanogly,,Conservative,Huntingdon,Sunak,https://twitter.com/JDjanogly/status/1583208461755506688?s=20&t=pR4edC53H-opGwTjI6jzWg,Sunak,Hunt,Hancock,2001,No,Remain,Yes,Lib Left,,,33%,54%,Soft Leave,
218,Jonathan Lord,,Conservative,Woking,Sunak,https://twitter.com/JonathanLord/status/1583487059469119489,Sunak,Sunak,Raab,2010,No,Leave,,Auth Left,,Yes,18%,44%,Remain,
305,Julian Smith,,Conservative,Skipton and Ripon,Sunak,https://twitter.com/JulianSmithUK/status/1583457402258567170,Sunak,Sunak,-,2010,Yes,Remain,,Lib Right,,,40%,53%,Soft Leave,
319,Julian Sturdy,,Conservative,York Outer,Sunak,https://twitter.com/JulianSturdy/status/1583440519543554054?s=20&t=XifhYyMnyONd1-lpd5xk3Q,Sunak,Sunak,Johnson,2010,No,Leave,,Lib Left,,,18%,45%,Remain,
227,Julie Marson,,Conservative,Hertford and Stortford,Sunak,https://conservativehome.com/2022/10/20/next-tory-leader-which-mp-is-backing-whom-sunak-in-front-johnson-a-close-second-with-mordaunt-a-distant-third/,Sunak,Sunak,-,2019,No,?,,Lib Right,,,33%,49%,Remain,
167,Kevin Hollinrake,,Conservative,Thirsk and Malton,Sunak,https://conservativehome.com/2022/10/20/next-tory-leader-which-mp-is-backing-whom-sunak-in-front-johnson-a-close-second-with-mordaunt-a-distant-third/,Sunak,Sunak,Gove,2015,No,Remain,,Lib Left,,,44%,56%,Mid Leave,
112,Laura Farris,,Conservative,Newbury,Sunak,https://order-order.com/2022/10/20/whos-backing-who-the-spreadsheet-returns/?fbclid=IwAR0IOMSIhqsvGvLx5cjIxkAWmgyKJfIyGNteh9F1NM0KlKF-3FmuLwTgtGs,Sunak,Sunak,-,2019,No,Remain,,Auth Right,,Yes,27%,48%,Remain,
332,Laura Trott,,Conservative,Sevenoaks,Sunak,https://conservativehome.com/2022/10/20/next-tory-leader-which-mp-is-backing-whom-sunak-in-front-johnson-a-close-second-with-mordaunt-a-distant-third/,Sunak,Sunak,-,2019,No,?,,Lib Right,,Yes,41%,54%,Soft Leave,
120,Liam Fox,,Conservative,North Somerset,Sunak,https://twitter.com/LiamFox/status/1583405292238561281?s=20&t=XifhYyMnyONd1-lpd5xk3Q,Sunak,Sunak,Hunt,1992,No,Leave,Yes,Auth Left,,,28%,48%,Remain,
122,Lucy Frazer,,Conservative,South East Cambridgeshire,Sunak,https://twitter.com/lucyfrazermp/status/1583485712703553536?s=20&t=rg3pjyxGNNsl4ptTYyPe3A,Sunak,Sunak,Johnson,2015,Yes,Remain,,Lib Right,,Yes,18%,45%,Remain,
325,Maggie Throup,,Conservative,Erewash,Sunak,https://conservativehome.com/2022/10/20/next-tory-leader-which-mp-is-backing-whom-sunak-in-front-johnson-a-close-second-with-mordaunt-a-distant-third/,Sunak,Zahawi,Hancock,2015,Yes,Remain,,Auth Right,,,22%,63%,Heavy Leave,
129,Mark Garnier,,Conservative,Wyre Forest,Sunak,https://order-order.com/2022/10/20/whos-backing-who-the-spreadsheet-returns/?fbclid=IwAR0IOMSIhqsvGvLx5cjIxkAWmgyKJfIyGNteh9F1NM0KlKF-3FmuLwTgtGs,Sunak,Sunak,Hunt,2010,No,Remain,,Lib Right,,,42%,63%,Heavy Leave,
152,Mark Harper,,Conservative,Forest of Dean,Sunak,https://twitter.com/Mark_J_Harper/status/1583413608398336001,Sunak,Sunak,Harper,2005,No,Remain,,Auth Left,,,31%,58%,Mid Leave,
214,Mark Logan,,Conservative,Bolton North East,Sunak,https://twitter.com/Mark_Logan_MP/status/1583466310846976000,Sunak,Tugendhat,-,2019,No,?,,Auth Right,Yes,,1%,58%,Mid Leave,
235,Mark Menzies,,Conservative,Fylde,Sunak,https://www.spectator.co.uk/article/who-s-backing-whom-boris-leads-the-way,Sunak,Sunak,Gove,2010,No,Remain,,Auth Right,,,36%,57%,Mid Leave,
150,Matthew Hancock,,Conservative,West Suffolk,Sunak,https://order-order.com/2022/10/21/rishi-passes-the-threshold-for-nominations/,Sunak,Sunak,Hancock,2010,Yes,Remain,,Lib Right,,,45%,63%,Heavy Leave,
317,Mel Stride,,Conservative,Central Devon,Sunak,https://twitter.com/MelJStride/status/1583226821943824384,Sunak,Sunak,Gove,2010,No,Remain,,Lib Right,,,31%,51%,Soft Leave,
354,Mike Wood,,Conservative,Dudley South,Sunak,https://twitter.com/glabsandra/status/1583141000087621632,Sunak,Javid,Javid,2015,No,Leave,Yes,Auth Right,,,43%,70%,Heavy Leave,
55,Miriam Cates,,Conservative,Penistone and Stocksbridge,Sunak,https://twitter.com/Geri_E_L_Scott/status/1583557812889976833,-,Braverman,-,2019,No,?,,Auth Right,Yes,,15%,61%,Mid Leave,
131,Nick Gibb,,Conservative,Bognor Regis and Littlehampton,Sunak,https://conservativehome.com/2022/10/20/next-tory-leader-which-mp-is-backing-whom-sunak-in-front-johnson-a-close-second-with-mordaunt-a-distant-third/,Sunak,Sunak,Gove,1997,Yes,Remain,,Lib Right,,,44%,65%,Heavy Leave,
242,Nigel Mills,,Conservative,Amber Valley,Sunak,https://twitter.com/nigelmills/status/1583448713938501642,Truss,Badenoch,Johnson,2010,No,Leave,Yes,Lib Right,,,37%,65%,Heavy Leave,
93,Oliver Dowden,,Conservative,Hertsmere,Sunak,https://twitter.com/OliverDowden/status/1583551977950044160,Sunak,Sunak,Johnson,2015,Yes,Remain,,Lib Right,,,41%,51%,Soft Leave,
230,Paul Maynard,,Conservative,Blackpool North and Cleveleys,Sunak,https://conservativehome.com/2022/10/20/next-tory-leader-which-mp-is-backing-whom-sunak-in-front-johnson-a-close-second-with-mordaunt-a-distant-third/,Sunak,Sunak,Johnson,2010,Yes,Leave,,Auth Right,,,22%,67%,Heavy Leave,
83,Philip Davies,,Conservative,Shipley,Sunak,https://order-order.com/2022/10/21/whos-backing-who-the-spreadsheet-returns/,Sunak,Hunt,McVey,2005,No,Leave,,Auth Left,,,12%,52%,Soft Leave,
100,Philip Dunne,,Conservative,Ludlow,Sunak,https://twitter.com/Dunne4Ludlow/status/1583458954121969670,Sunak,Hunt,Hunt,2005,No,Remain,,Lib Left,,Yes,47%,58%,Mid Leave,
273,Rebecca Pow,,Conservative,Taunton Deane,Sunak,https://twitter.com/pow_rebecca/status/1583519989432086528?s=20&t=pqsMiq8MhqMuJkPzmAkvdQ,Sunak,Sunak,Johnson,2015,Yes,Remain,,Lib Right,,Yes,18%,53%,Soft Leave,
58,Rehman Chishti,,Conservative,Gillingham and Rainham,Sunak,https://twitter.com/Rehman_Chishti/status/1583359006243897344?s=20&t=1oJUo5jp2WcUywWc6Sl2Rg,Sunak,Tugendhat,Raab,2010,No,Leave,,Auth Left,,,33%,64%,Heavy Leave,
15,Richard Bacon,,Conservative,South Norfolk,Sunak,https://www.spectator.co.uk/article/who-s-backing-whom-boris-leads-the-way,Sunak,Sunak,Gove,2001,No,Leave,,Auth Left,,,34%,51%,Soft Leave,
137,Richard Graham,,Conservative,Gloucester,Sunak,https://order-order.com/2022/10/20/whos-backing-who-the-spreadsheet-returns/?fbclid=IwAR0IOMSIhqsvGvLx5cjIxkAWmgyKJfIyGNteh9F1NM0KlKF-3FmuLwTgtGs,Sunak,Sunak,Hunt,2010,No,Remain,,Lib Right,,,19%,59%,Mid Leave,
166,Richard Holden,,Conservative,North West Durham,Sunak,https://conservativehome.com/2022/10/20/next-tory-leader-which-mp-is-backing-whom-sunak-in-front-johnson-a-close-second-with-mordaunt-a-distant-third/,Sunak,Sunak,-,2019,No,Leave,,Auth Right,Yes,,2%,55%,Soft Leave,
135,Robert Goodwill,,Conservative,Scarborough and Whitby,Sunak,https://order-order.com/2022/10/20/whos-backing-who-the-spreadsheet-returns/?fbclid=IwAR0IOMSIhqsvGvLx5cjIxkAWmgyKJfIyGNteh9F1NM0KlKF-3FmuLwTgtGs,Sunak,Sunak,Hunt,2005,No,Remain,,Auth Right,,,21%,61%,Mid Leave,
147,Robert Halfon,,Conservative,Harlow,Sunak,https://twitter.com/halfon4harlowMP/status/1583419512833314816,Sunak,Javid,Javid,2010,No,Remain,,Auth Left,,,32%,68%,Heavy Leave,
185,Robert Jenrick,,Conservative,Newark,Sunak,https://twitter.com/RobertJenrick/status/1583353441434206208?s=20&t=VN1PLJU33AypUeFiIyKxrQ,Sunak,Sunak,Johnson,2014,Yes,Remain,,Lib Right,,,40%,56%,Soft Leave,
323,Robert Syms,,Conservative,Poole,Sunak,https://twitter.com/RobertSyms/status/1583394962548219904?s=20&t=OaN-8MEDoOFUMPzSaHMfRw,Sunak,Tugendhat,Raab,1997,No,Leave,,Auth Left,,,38%,57%,Mid Leave,
340,Robin Walker,,Conservative,Worcester,Sunak,https://twitter.com/WalkerWorcester/status/1583337140687368192?s=20&t=VN1PLJU33AypUeFiIyKxrQ,Sunak,Javid,Javid,2010,Yes,Remain,,Lib Right,,,13%,54%,Soft Leave,
102,Ruth Edwards,,Conservative,Rushcliffe,Sunak,https://order-order.com/2022/10/21/whos-backing-who-the-spreadsheet-returns/,Sunak,Sunak,-,2019,No,?,,Lib Right,,,13%,42%,Remain,
180,Sajid Javid,,Conservative,Bromsgrove,Sunak,https://twitter.com/lara_spirit/status/1583480406061436928,Truss,Javid,Javid,2010,Yes,Remain,Yes,Lib Right,,,43%,55%,Soft Leave,
24,Simon Baynes,,Conservative,Clwyd South,Sunak,https://twitter.com/baynes_simon/status/1583399267367940096?s=20&t=OaN-8MEDoOFUMPzSaHMfRw,Sunak,Sunak,-,2019,No,Leave,,Lib Left,Yes,,3%,60%,Mid Leave,
113,Simon Fell,,Conservative,Barrow and Furness,Sunak,https://twitter.com/simonfell/status/1583183377842085888?s=20&t=igf8HbFnCZpcRgUX2rlq9w,Sunak,Tugendhat,-,2019,No,Leave,,Lib Left,Yes,,13%,57%,Mid Leave,
156,Simon Hart,,Conservative,Carmarthen West and South Pembrokeshire,Sunak,https://conservativehome.com/2022/10/20/next-tory-leader-which-mp-is-backing-whom-sunak-in-front-johnson-a-close-second-with-mordaunt-a-distant-third/,Sunak,Sunak,Johnson,2010,Yes,Remain,,Lib Right,,,18%,55%,Soft Leave,
165,Simon Hoare,,Conservative,North Dorset,Sunak,https://conservativehome.com/2022/10/20/next-tory-leader-which-mp-is-backing-whom-sunak-in-front-johnson-a-close-second-with-mordaunt-a-distant-third/,Sunak,Sunak,Javid,2015,No,Remain,,Lib Left,,Yes,43%,57%,Mid Leave,
194,Simon Jupp,,Conservative,East Devon,Sunak,https://conservativehome.com/2022/10/20/next-tory-leader-which-mp-is-backing-whom-sunak-in-front-johnson-a-close-second-with-mordaunt-a-distant-third/,Sunak,Sunak,-,2019,No,Remain,,Lib Right,,,10%,50%,Soft Leave,
18,Siobhan Baillie,,Conservative,Stroud,Sunak,https://twitter.com/Siobhan_Baillie/status/1583346465820528640?s=20&t=VN1PLJU33AypUeFiIyKxrQ,Sunak,Sunak,-,2019,No,Remain,,Lib Left,Yes,,6%,46%,Remain,
149,Stephen Hammond,,Conservative,Wimbledon,Sunak,https://order-order.com/2022/10/21/whos-backing-who-rishi-levels-up-to-boris/,Sunak,Tugendhat,Hancock,2005,No,Remain,,Lib Left,,Yes,1%,29%,Remain,
41,Steve Brine,,Conservative,Winchester,Sunak,https://order-order.com/2022/10/21/whos-backing-who-the-spreadsheet-returns/,Sunak,Hunt,Hunt,2010,No,Remain,,Lib Left,,Yes,2%,40%,Remain,
92,Steve Double,,Conservative,St Austell and Newquay,Sunak,https://conservativehome.com/2022/10/20/next-tory-leader-which-mp-is-backing-whom-sunak-in-front-johnson-a-close-second-with-mordaunt-a-distant-third/,Sunak,Javid,Harper,2015,Yes,Leave,,Auth Right,,,30%,64%,Heavy Leave,
334,Tom Tugendhat,,Conservative,Tonbridge and Malling,Sunak,https://twitter.com/TomTugendhat/status/1583560749955584001,Truss,Tugendhat,Gove,2015,No,Remain,,Lib Left,,Yes,47%,53%,Soft Leave,
274,Victoria Prentis,,Conservative,Banbury,Sunak,https://twitter.com/VictoriaPrentis/status/1583201922525278208?s=20&t=YXT-HKXsrToP7aC9fyQxgw,Sunak,Sunak,Stewart,2015,Yes,Remain,,Lib Right,,,27%,50%,Soft Leave,
104,Tobias Ellwood,,Conservative,Bournemouth East,Sunak,https://twitter.com/Tobias_Ellwood/status/1583560922139791361?s=20&t=wL_oFw-zuFXa0Q_5M0kLew,Mordaunt,Zahawi,Hancock,2005,No,Remain,,Lib Left,,,18%,54%,Soft Leave,
336,Martin Vickers,,Conservative,Cleethorpes,Sunak,https://docs.google.com/spreadsheets/d/1PRufWhh2YAoxPUJEXeVaEOe7rcT1IINOXijeLI6o9Cc/edit#gid=0,-,-,Johnson,2010,No,Leave,Yes,Auth Right,,,46%,70%,Heavy Leave,
25,Aaron Bell,,Conservative,Newcastle-under-Lyme,Sunak,https://twitter.com/AaronBell4NUL/status/1583761460345569282?s=20&t=HYWeoqFumSLbZ-h9uLvtrA,Truss,Tugendhat,-,2019,No,?,,Lib Right,Yes,,17%,62%,Mid Leave,
293,Selaine Saxby,,Conservative,North Devon,Sunak,https://twitter.com/SelaineSaxby/status/1583715344870301696?s=20&t=KCjMkemu0tmLi0MbMgieQw,Sunak,Sunak,-,2019,No,Leave,,Lib Left,,Yes,27%,57%,Mid Leave,
261,Caroline Nokes,,Conservative,Romsey and Southampton North,Sunak,https://twitter.com/carolinenokes/status/1583714802542972929?s=20&t=WD6wyd1rCPIejrLVMc8iBA,Mordaunt,Mordaunt,Javid,2010,No,Remain,,Lib Left,,Yes,21%,46%,Remain,
204,Robert Largan,,Conservative,High Peak,Sunak,https://twitter.com/robertlargan/status/1583731591829864448,-,Tugendhat,-,2019,No,?,,Lib Left,Yes,,1%,51%,Soft Leave,
256,David Mundell,,Conservative,"Dumfriesshire, Clydesdale and Tweeddale",Sunak,https://docs.google.com/spreadsheets/d/1PRufWhh2YAoxPUJEXeVaEOe7rcT1IINOXijeLI6o9Cc/htmlview?pru=AAABhCNRrXQ*PIllJweU8faUyX0GNNGyRA#gid=0,Truss,Truss,Gove,2005,No,Remain,,Lib Left,,,8%,45%,Remain,
300,David Simmonds,,Conservative,"Ruislip, Northwood and Pinner",Sunak,https://docs.google.com/spreadsheets/d/1PRufWhh2YAoxPUJEXeVaEOe7rcT1IINOXijeLI6o9Cc/htmlview?pru=AAABhCNRrXQ*PIllJweU8faUyX0GNNGyRA#gid=0,Sunak,Sunak,-,2019,No,?,Yes,Lib Left,,,31%,50%,Remain,
138,Helen Grant,,Conservative,Maidstone and The Weald,Sunak,https://docs.google.com/spreadsheets/d/1PRufWhh2YAoxPUJEXeVaEOe7rcT1IINOXijeLI6o9Cc/htmlview?pru=AAABhCNRrXQ*PIllJweU8faUyX0GNNGyRA#gid=0,-,-,Raab,2010,No,Remain,,Lib Left,,,42%,56%,Soft Leave,
172,Paul Howell,,Conservative,Sedgefield,Sunak,https://docs.google.com/spreadsheets/d/1PRufWhh2YAoxPUJEXeVaEOe7rcT1IINOXijeLI6o9Cc/htmlview?pru=AAABhCNRrXQ*PIllJweU8faUyX0GNNGyRA#gid=0,Sunak,Sunak,-,2019,No,?,,Auth Right,Yes,,11%,59%,Mid Leave,
3,Adam Afriyie,,Conservative,Windsor,,,-,Badenoch,-,2005,No,Leave,,Lib Right,,Yes,37%,47%,Remain,
169,Adam Holloway,,Conservative,Gravesham,,,Truss,Truss,Johnson,2005,No,Leave,Yes,Auth Left,,,33%,65%,Heavy Leave,
71,Alberto Costa,,Conservative,South Leicestershire,,,Mordaunt,Mordaunt,Gove,2015,No,Remain,,Lib Right,,,42%,58%,Mid Leave,
299,Alec Shelbrooke,,Conservative,Elmet and Rothwell,,,Truss,Truss,Hunt,2010,No,Remain,Yes,Auth Left,,,30%,57%,Mid Leave,
48,Alex Burghart,,Conservative,Brentwood and Ongar,,,Truss,Badenoch,Malthouse,2017,Yes,?,,Auth Right,,,55%,61%,Mid Leave,
196,Alicia Kearns,,Conservative,Rutland and Melton,,,Mordaunt,Mordaunt,-,2019,No,Leave,,Lib Right,,,46%,54%,Soft Leave,
179,Alister Jack,,Conservative,Dumfries and Galloway,,,-,-,-,2017,Yes,?,,Lib Right,,,4%,45%,Remain,
51,Alun Cairns,,Conservative,Vale of Glamorgan,,,Sunak,Sunak,Johnson,2010,No,Remain,,Auth Right,,,6%,53%,Soft Leave,
307,Amanda Solloway,,Conservative,Derby North,,,Truss,Truss,-,2019,Yes,Remain,,Auth Left,Yes,,5%,54%,Soft Leave,
143,Andrew Griffith,,Conservative,Arundel and South Downs,,,Sunak,Sunak,Johnson,2019,No,?,,Auth Right,,Yes,37%,50%,Remain,
209,Andrew Lewer,,Conservative,Northampton South,,,Truss,Badenoch,McVey,2017,No,Leave,Yes,Auth Left,,,12%,59%,Mid Leave,
287,Andrew Rosindell,,Conservative,Romford,,,Truss,Truss,Johnson,2001,No,Leave,,Auth Left,,,38%,69%,Heavy Leave,
296,Andrew Selous,,Conservative,South West Bedfordshire,,,Sunak,Sunak,Javid,2001,No,Remain,,Auth Right,,,35%,58%,Mid Leave,
52,Andy Carter,,Conservative,Warrington South,,,Truss,Truss,-,2019,No,?,,Auth Left,Yes,,3%,51%,Soft Leave,
114,Anna Firth,,Conservative,Southend West,,,Truss,Truss,-,2022,No,?,,Lib Right,,,31%,55%,Soft Leave,
248,Anne Marie Morris,,Conservative,Newton Abbot,,,Truss,Tugendhat,Raab,2010,No,Leave,Yes,Lib Left,,Yes,33%,56%,Mid Leave,
35,Ben Bradley,,Conservative,Mansfield,,,-,Badenoch,McVey,2017,No,Remain,,Auth Left,Yes,,33%,71%,Heavy Leave,
308,Ben Spencer,,Conservative,Runnymede and Weybridge,,,-,Tugendhat,-,2019,No,?,,Lib Left,,,34%,50%,Remain,
341,Ben Wallace,,Conservative,Wyre and Preston North,,,Truss,Truss,Johnson,2005,Yes,Remain,,Lib Left,,,32%,54%,Soft Leave,Leaning towards' Johnson
182,Bernard Jenkin,,Conservative,Harwich and North Essex,,,-,Braverman,Johnson,1992,No,Leave,Yes,Lib Left,,,39%,59%,Mid Leave,
350,Bill Wiggin,,Conservative,North Herefordshire,,,Truss,Badenoch,Johnson,2001,No,Leave,Yes,Auth Left,,Yes,49%,58%,Mid Leave,
30,Bob Blackman,,Conservative,Harrow East,,,Truss,Truss,-,2010,No,Leave,,Auth Left,,,17%,48%,Remain,
186,Boris Johnson,,Conservative,Uxbridge and South Ruislip,,,-,-,Johnson,2015,Yes,Leave,,Lib Left,,,15%,57%,Mid Leave,
210,Brandon Lewis,,Conservative,Great Yarmouth,,,Truss,Zahawi,-,2010,Yes,Remain,Yes,Lib Left,,,41%,72%,Heavy Leave,
339,Charles Walker,,Conservative,Broxbourne,,,Mordaunt,Mordaunt,-,2005,No,Leave,,Lib Left,,,42%,66%,Heavy Leave,
221,Cherilyn Mackrory,,Conservative,Truro and Falmouth,,,Truss,Truss,-,2019,No,Leave,,Auth Right,,,8%,46%,Remain,
302,Chloe Smith,,Conservative,Norwich North,,,Truss,Truss,Johnson,2009,Yes,Remain,,Lib Right,,,10%,57%,Mid Leave,
140,Chris Grayling,,Conservative,Epsom and Ewell,,,-,-,Johnson,2001,No,Leave,Yes,Lib Left,,Yes,30%,48%,Remain,
141,Chris Green,,Conservative,Bolton West,,,Truss,Tugendhat,Raab,2015,No,Leave,Yes,Auth Left,,,18%,56%,Soft Leave,
213,Chris Loder,,Conservative,West Dorset,,,Truss,Truss,-,2019,No,Leave,,Auth Right,,Yes,23%,51%,Soft Leave,
301,Chris Skidmore,,Conservative,Kingswood,,,Sunak,Sunak,Javid,2010,Yes,Remain,,Lib Left,,,23%,57%,Mid Leave,
49,Conor Burns,,Independent,Bournemouth West,,,Truss,Truss,Johnson,2010,Yes,Leave,,Lib Left,,,22%,58%,Mid Leave,
220,Craig Mackinlay,,Conservative,South Thanet,,,Truss,Badenoch,Johnson,2015,No,Leave,Yes,Auth Left,,,22%,62%,Mid Leave,
348,Craig Whittaker,,Conservative,Calder Valley,,,Truss,Truss,-,2010,Yes,Remain,,Auth Left,,,10%,53%,Soft Leave,
142,Damian Green,,Conservative,Ashford,,,Mordaunt,Tugendhat,Hancock,1997,No,Remain,,Lib Left,,,40%,60%,Mid Leave,
245,Damien Moore,,Conservative,Southport,,,Truss,Tugendhat,Johnson,2017,No,Undisc.,,Auth Left,,,9%,46%,Remain,
195,Daniel Kawczynski,,Conservative,Shrewsbury and Atcham,,,Truss,Hunt,Johnson,2005,No,Leave,,Lib Right,,,19%,53%,Soft Leave,
272,Daniel Poulter,,Conservative,Central Suffolk and North Ipswich,,,Sunak,Hunt,-,2010,No,Remain,,Lib Left,,,42%,55%,Soft Leave,
200,Danny Kruger,,Conservative,Devizes,,,Truss,Braverman,-,2019,No,?,Yes,Auth Right,,Yes,47%,54%,Soft Leave,
162,Darren Henry,,Conservative,Broxtowe,,,Truss,Truss,-,2019,No,?,,Lib Left,,,10%,53%,Soft Leave,
84,David Davis,,Conservative,Haltemprice and Howden,,,Mordaunt,Mordaunt,Raab,1987,No,Leave,Yes,Lib Left,,,41%,55%,Soft Leave,
98,David Duguid,,Conservative,Banff and Buchan,,,Truss,Truss,Gove,2017,Yes,?,,Auth Right,,,10%,54%,Soft Leave,
109,David Evennett,,Conservative,Bexleyheath and Crayford,,,Truss,Truss,Harper,2005,No,Remain,,Auth Right,,,30%,65%,Heavy Leave,
189,David Johnston,,Conservative,Wantage,,,-,Zahawi,-,2019,No,?,,Lib Right,,Yes,19%,47%,Remain,
191,David Jones,,Conservative,Clwyd West,,,Truss,Braverman,Johnson,2005,No,Leave,Yes,Auth Left,,,17%,53%,Soft Leave,
290,Dean Russell,,Conservative,Watford,,,Truss,Truss,-,2019,No,Leave,,Lib Right,,,8%,51%,Soft Leave,
85,Dehenna Davison,,Conservative,Bishop Auckland,,,Truss,Truss,Hunt,2019,No,Leave,Yes,Lib Left,Yes,,18%,61%,Mid Leave,
322,Desmond Swayne,,Conservative,New Forest West,,,Sunak,Braverman,Johnson,1997,No,Leave,Yes,Auth Left,,Yes,49%,55%,Soft Leave,
288,Douglas Ross,,Conservative,Moray,,,-,-,Harper,2017,No,Remain,,Lib Left,,,1%,50%,Remain,
175,Eddie Hughes,,Conservative,Walsall North,,,-,Badenoch,Raab,2017,Yes,?,,Auth Right,Yes,,33%,74%,Heavy Leave,
11,Edward Argar,,Conservative,Charnwood,,,Truss,Javid,Javid,2015,Yes,Remain,,Auth Right,,,40%,58%,Mid Leave,
202,Eleanor Laing,,Conservative,Epping Forest,,,-,-,-,1997,No,Leave,Yes,Lib Left,,,44%,61%,Mid Leave,
234,Esther McVey,,Conservative,Tatton,,,-,Hunt,McVey,2017,Yes,Leave,,Auth Left,,,36%,46%,Remain,
46,Felicity Buchan,,Conservative,Kensington,,,Truss,Truss,-,2019,No,?,,Lib Right,Yes,,0%,31%,Remain,
45,Fiona Bruce,,Conservative,Congleton,,,-,-,Javid,2010,No,Leave,,Auth Left,,,32%,53%,Soft Leave,
96,Flick Drummond,,Conservative,Meon Valley,,,Sunak,Sunak,-,2019,No,Remain,,Auth Right,,Yes,42%,52%,Soft Leave,
244,Gagan Mohindra,,Conservative,South West Hertfordshire,,,-,-,-,2019,No,Leave,,Lib Right,,,24%,46%,Remain,
14,Gareth Bacon,,Conservative,Orpington,,,Truss,Badenoch,Johnson,2019,No,?,,Auth Right,,,46%,58%,Mid Leave,
292,Gary Sambrook,,Conservative,Birmingham Northfield,,,Mordaunt,Mordaunt,-,2019,No,Leave,,Auth Right,Yes,,4%,62%,Mid Leave,
67,Geoffrey Clifton-Brown,,Conservative,The Cotswolds,,,Sunak,Sunak,-,1992,No,Leave,,Auth Left,,Yes,33%,48%,Remain,
74,Geoffrey Cox,,Conservative,Torridge and West Devon,,,Sunak,Sunak,Johnson,2005,Yes,Leave,,Auth Left,,Yes,42%,57%,Mid Leave,
344,Giles Watling,,Conservative,Clacton,,,Truss,Truss,Gove,2017,No,Remain,,Lib Left,,,57%,73%,Heavy Leave,
161,Gordon Henderson,,Conservative,Sittingbourne and Sheppey,,,Mordaunt,Mordaunt,-,2010,No,Leave,,Auth Left,,,48%,65%,Heavy Leave,
37,Graham Brady,,Conservative,Altrincham and Sale West,,,-,-,-,1997,No,Leave,,Auth Left,,,11%,39%,Remain,
318,Graham Stuart,,Conservative,Beverley and Holderness,,,Truss,Shapps,Johnson,2005,Yes,Remain,,Lib Right,,,38%,59%,Mid Leave,
297,Grant Shapps,,Conservative,Welwyn Hatfield,,,Sunak,Shapps,Johnson,2005,Yes,Remain,,Lib Left,,,21%,53%,Soft Leave,
151,Greg Hands,,Conservative,Chelsea and Fulham,,,Sunak,Sunak,Hunt,2005,Yes,Remain,,Auth Left,,Yes,24%,29%,Remain,
198,Greg Knight,,Conservative,East Yorkshire,,,Sunak,Sunak,Johnson,2001,No,Leave,,Auth Left,,,43%,64%,Heavy Leave,
99,Iain Duncan Smith,,Conservative,Chingford and Woodford Green,,,Truss,Truss,Johnson,1992,No,Leave,Yes,Auth Left,,,3%,50%,Remain,
212,Ian Liddell-Grainger,,Conservative,Bridgwater and West Somerset,,,-,-,Johnson,2001,No,Undisc.,,Lib Left,,,42%,62%,Heavy Leave,
39,Jack Brereton,,Conservative,Stoke-on-Trent South,,,Mordaunt,Zahawi,Gove,2017,No,Leave,,Lib Right,Yes,,28%,71%,Heavy Leave,
217,Jack Lopresti,,Conservative,Filton and Bradley Stoke,,,-,-,Johnson,2010,No,Leave,,Auth Left,,,11%,49%,Remain,
94,Jackie Doyle-Price,,Conservative,Thurrock,,,Truss,Truss,Harper,2010,No,Remain,Yes,Auth Left,,,24%,70%,Heavy Leave,
357,Jacob Young,,Conservative,Redcar,,,Sunak,Sunak,-,2019,No,?,,Auth Right,Yes,,9%,68%,Heavy Leave,
28,Jake Berry,,Conservative,Rossendale and Darwen,,,Truss,Tugendhat,Johnson,2010,Yes,Remain,,Auth Left,,,20%,59%,Mid Leave,
66,James Cleverly,,Conservative,Braintree,,,Truss,Truss,Cleverly,2015,Yes,Leave,Yes,Auth Right,,,49%,62%,Mid Leave,
159,James Heappey,,Conservative,Wells,,,Truss,Truss,Johnson,2015,Yes,Remain,,Auth Left,,Yes,16%,54%,Soft Leave,
321,James Sunderland,,Conservative,Bracknell,,,Mordaunt,Mordaunt,-,2019,No,?,,Auth Right,,,36%,53%,Soft Leave,
231,Jason McCartney,,Conservative,Colne Valley,,,Truss,Braverman,-,2019,No,Leave,,Lib Left,Yes,,8%,50%,Soft Leave,
177,Jeremy Hunt,,Conservative,South West Surrey,,,Sunak,Hunt,Hunt,2005,No,Remain,,Lib Left,,Yes,15%,41%,Remain,
356,Jeremy Wright,,Conservative,Kenilworth and Southam,,,Mordaunt,Javid,Javid,2005,No,Remain,,Auth Left,,Yes,39%,46%,Remain,
229,Jerome Mayhew,,Conservative,Broadland,,,Mordaunt,Mordaunt,-,2019,No,?,,Lib Right,,,38%,54%,Soft Leave,
262,Jesse Norman,,Conservative,Hereford and South Herefordshire,,,-,Zahawi,-,2010,Yes,Undisc.,,Lib Left,,,40%,60%,Mid Leave,
60,Jo Churchill,,Conservative,Bury St Edmunds,,,-,-,Hunt,2015,Yes,Remain,,Lib Right,,,40%,54%,Soft Leave,
157,John Hayes,,Conservative,South Holland and The Deepings,,,Truss,Braverman,Gove,1997,No,Leave,,Auth Left,,,63%,71%,Heavy Leave,
281,John Redwood,,Conservative,Wokingham,,,Truss,Truss,Johnson,1987,No,Leave,,Auth Left,,Yes,12%,43%,Remain,
349,John Whittingdale,,Conservative,Maldon,,,Truss,Truss,Johnson,1992,Yes,Leave,Yes,Auth Right,,,60%,61%,Mid Leave,
251,Joy Morrissey,,Conservative,Beaconsfield,,,Truss,Truss,-,2019,No,Leave,,Auth Right,,,27%,49%,Remain,
216,Julia Lopez,,Conservative,Hornchurch and Upminster,,,Truss,Badenoch,-,2017,Yes,Leave,,Auth Right,,,43%,70%,Heavy Leave,
199,Julian Knight,,Conservative,Solihull,,,Truss,Truss,Cleverly,2015,No,Remain,,Lib Left,,,38%,53%,Soft Leave,
211,Julian Lewis,,Conservative,New Forest East,,,Truss,Braverman,Johnson,1997,No,Leave,,Auth Left,,,50%,60%,Mid Leave,
328,Justin Tomlinson,,Conservative,North Swindon,,,-,Badenoch,Johnson,2010,Yes,Leave,Yes,Lib Right,,,29%,57%,Mid Leave,
36,Karen Bradley,,Conservative,Staffordshire Moorlands,,,Truss,Tugendhat,Gove,2010,No,Remain,,Lib Left,,,38%,65%,Heavy Leave,
144,Kate Kniveton,,Conservative,Burton,,,Mordaunt,Mordaunt,-,2019,No,Undisc.,,Lib Right,,,30%,65%,Heavy Leave,
115,Katherine Fletcher,,Conservative,South Ribble,,,Truss,Truss,-,2019,No,?,,Auth Right,,,21%,57%,Mid Leave,
16,Kemi Badenoch,,Conservative,Saffron Walden,,,-,Badenoch,Gove,2017,Yes,Leave,,Auth Right,,Yes,44%,51%,Soft Leave,
119,Kevin Foster,,Conservative,Torbay,,,Truss,Truss,Javid,2015,Yes,Remain,,Auth Right,,Yes,35%,63%,Heavy Leave,
224,Kit Malthouse,,Conservative,North West Hampshire,,,-,-,Malthouse,2015,Yes,Leave,Yes,Lib Right,,Yes,45%,55%,Soft Leave,
201,Kwasi Kwarteng,,Conservative,Spelthorne,,,Truss,Truss,Johnson,2010,Yes,Leave,,Auth Right,,,37%,60%,Mid Leave,
285,Laurence Robertson,,Conservative,Tewkesbury,,,Truss,Truss,Johnson,1997,No,Leave,Yes,Auth Left,,Yes,37%,54%,Soft Leave,
7,Lee Anderson,,Conservative,Ashfield,,,Truss,Badenoch,-,2019,No,Leave,Yes,Auth Right,Yes,,12%,71%,Heavy Leave,
289,Lee Rowley,,Conservative,North East Derbyshire,,,Truss,Badenoch,Johnson,2017,Yes,?,,Auth Left,Yes,,26%,62%,Heavy Leave,
333,Liz Truss,,Conservative,South West Norfolk,,,Truss,Truss,Johnson,2010,Yes,Remain,,Lib Left,,,51%,67%,Heavy Leave,
125,Louie French,,Conservative,Old Bexley and Sidcup,,,Sunak,Sunak,-,2021,No,?,,Lib Right,,,41%,62%,Heavy Leave,
6,Lucy Allan,,Conservative,Telford,,,Truss,Badenoch,Javid,2015,No,Leave,,Lib Left,,,26%,66%,Heavy Leave,
107,Luke Evans,,Conservative,Bosworth,,,Mordaunt,Mordaunt,-,2019,No,Leave,,Auth Right,,,47%,61%,Mid Leave,
148,Luke Hall,,Conservative,Thornbury and Yate,,,Sunak,Sunak,Harper,2015,Yes,Remain,,Lib Right,,Yes,24%,52%,Soft Leave,
193,Marcus Jones,,Conservative,Nuneaton,,,Sunak,Sunak,-,2010,Yes,Remain,,Auth Left,,,29%,65%,Heavy Leave,
116,Mark Fletcher,,Conservative,Bolsover,,,Truss,Zahawi,-,2019,No,?,,Lib Right,Yes,,12%,70%,Heavy Leave,
121,Mark Francois,,Conservative,Rayleigh and Wickford,,,Truss,Truss,Johnson,2001,No,Leave,Yes,Auth Left,,,56%,68%,Heavy Leave,
183,Mark Jenkinson,,Conservative,Workington,,,Truss,Zahawi,-,2019,No,?,,Auth Left,Yes,,10%,61%,Mid Leave,
267,Mark Pawsey,,Conservative,Rugby,,,Sunak,Tugendhat,Hunt,2010,No,Remain,,Auth Left,,,26%,59%,Mid Leave,
309,Mark Spencer,,Conservative,Sherwood,,,Sunak,Sunak,-,2010,Yes,Remain,,Lib Right,,,31%,64%,Heavy Leave,
337,Matt Vickers,,Conservative,Stockton South,,,-,-,-,2019,No,?,,Auth Right,Yes,,10%,58%,Mid Leave,
343,Matt Warman,,Conservative,Boston and Skegness,,,Sunak,Sunak,Johnson,2015,Yes,Remain,,Lib Right,,,61%,76%,Heavy Leave,
103,Michael Ellis,,Conservative,Northampton North,,,Sunak,Sunak,Johnson,2010,Yes,Remain,,Lib Right,,,14%,60%,Mid Leave,
136,Michael Gove,,Conservative,Surrey Heath,,,Sunak,Badenoch,Gove,2005,Yes,Leave,Yes,Lib Left,,Yes,31%,52%,Soft Leave,
329,Michael Tomlinson,,Conservative,Mid Dorset and North Poole,,,-,-,Raab,2015,Yes,Leave,,Auth Right,,Yes,30%,57%,Mid Leave,
90,Michelle Donelan,,Conservative,Chippenham,,,Mordaunt,Zahawi,-,2015,Yes,Remain,,Auth Right,,Yes,20%,52%,Soft Leave,
124,Mike Freer,,Conservative,Finchley and Golders Green,,,Truss,Truss,Hunt,2010,Yes,Remain,,Lib Right,,Yes,12%,31%,Remain,
268,Mike Penning,,Conservative,Hemel Hempstead,,,Mordaunt,Mordaunt,Johnson,2005,No,Leave,,Auth Left,,,28%,56%,Soft Leave,
82,Mims Davies,,Conservative,Mid Sussex,,,Mordaunt,Mordaunt,Javid,2015,Yes,Leave,,Lib Right,,Yes,29%,46%,Remain,
358,Nadhim Zahawi,,Conservative,Stratford-on-Avon,,,Truss,Zahawi,Raab,2010,Yes,Leave,,Lib Right,,Yes,36%,51%,Soft Leave,
105,Natalie Elphicke,,Conservative,Dover,,,Mordaunt,Mordaunt,-,2019,No,?,,Auth Right,,,24%,63%,Heavy Leave,
263,Neil O'Brien,,Conservative,Harborough,,,-,Badenoch,-,2017,Yes,?,,Lib Right,,,30%,52%,Soft Leave,
117,Nicholas Fletcher,,Conservative,Don Valley,,,Truss,Badenoch,-,2019,No,?,,Auth Right,Yes,,8%,69%,Heavy Leave,
4,Nickie Aiken,,Conservative,Cities of London and Westminster,,,Sunak,Tugendhat,-,2019,No,?,,Lib Right,,Yes,9%,28%,Remain,
108,Nigel Evans,,Conservative,Ribble Valley,,,-,-,Johnson,1992,No,Leave,,Auth Left,,,33%,59%,Mid Leave,
173,Nigel Huddleston,,Conservative,Mid Worcestershire,,,Sunak,Sunak,Javid,2015,Yes,Remain,,Lib Right,,,50%,59%,Mid Leave,
130,Nusrat Ghani,,Conservative,Wealden,,,Truss,Truss,Hunt,2015,Yes,Leave,,Lib Left,,Yes,42%,53%,Soft Leave,
158,Oliver Heald,,Conservative,North East Hertfordshire,,,Truss,Hunt,Hunt,1992,No,Remain,,Auth Right,,,33%,51%,Soft Leave,
27,Paul Beresford,,Conservative,Mole Valley,,,Sunak,Hunt,Johnson,1992,No,Remain,,Auth Right,,Yes,21%,47%,Remain,
170,Paul Holmes,,Conservative,Eastleigh,,,Sunak,Tugendhat,-,2019,No,?,,Lib Right,,Yes,26%,54%,Soft Leave,
294,Paul Scully,,Conservative,Sutton and Cheam,,,Truss,Zahawi,-,2015,Yes,Leave,,Lib Left,,Yes,17%,51%,Soft Leave,
205,Pauline Latham,,Conservative,Mid Derbyshire,,,Truss,Javid,McVey,2010,No,Leave,Yes,Lib Left,,,31%,53%,Soft Leave,
5,Peter Aldous,,Conservative,Waveney,,,Mordaunt,Mordaunt,Gove,2010,No,Remain,,Auth Left,,,35%,63%,Heavy Leave,
33,Peter Bottomley,,Conservative,Worthing West,,,-,Hunt,Hunt,1975,No,Remain,,Lib Left,,,27%,56%,Mid Leave,
132,Peter Gibson,,Conservative,Darlington,,,Sunak,Sunak,Johnson,2019,No,?,,Lib Left,Yes,,8%,58%,Mid Leave,
222,Rachel Maclean,,Conservative,Redditch,,,Truss,Javid,Gove,2017,Yes,?,,Lib Right,,,36%,61%,Mid Leave,
181,Ranil Jayawardena,,Conservative,North East Hampshire,,,Truss,Truss,Johnson,2015,Yes,Leave,,Auth Left,,Yes,34%,46%,Remain,
153,Rebecca Harris,,Conservative,Castle Point,,,Truss,Truss,-,2010,Yes,Leave,,Lib Right,,,60%,73%,Heavy Leave,
126,Richard Fuller,,Conservative,North East Bedfordshire,,,Sunak,Sunak,-,2019,No,Leave,,Auth Left,,,37%,53%,Soft Leave,
320,Rishi Sunak,,Conservative,Richmond (Yorks),,,Sunak,Sunak,Johnson,2015,Yes,Leave,,Lib Left,,,47%,55%,Soft Leave,
50,Rob Butler,,Conservative,Aylesbury,,,Truss,Truss,-,2019,No,?,,Auth Right,,,29%,52%,Soft Leave,
47,Robert Buckland,,Conservative,South Swindon,,,Sunak,Sunak,Johnson,2010,Yes,Remain,,Lib Left,,,13%,52%,Soft Leave,
72,Robert Courts,,Conservative,Witney,,,-,Shapps,Raab,2016,Yes,Leave,Yes,Auth Right,,Yes,25%,46%,Remain,
239,Robin Millar,,Conservative,Aberconwy,,,Truss,Braverman,-,2019,No,Leave,Yes,Auth Right,,,6%,52%,Soft Leave,
306,Royston Smith,,Conservative,Southampton Itchen,,,-,-,Malthouse,2015,No,Leave,,Auth Left,,,9%,60%,Mid Leave,
155,Sally-Ann Hart,,Conservative,Hastings and Rye,,,Sunak,Sunak,-,2019,No,?,,Auth Right,,,7%,56%,Soft Leave,
29,Saqib Bhatti,,Conservative,Meriden,,,Truss,Javid,-,2019,No,Leave,,Auth Right,,,42%,59%,Mid Leave,
43,Sara Britcliffe,,Conservative,Hyndburn,,,Truss,Zahawi,-,2019,No,?,,Lib Left,Yes,,7%,66%,Heavy Leave,
12,Sarah Atherton,,Conservative,Wrexham,,,Mordaunt,Mordaunt,-,2019,No,?,,Lib Right,Yes,,6%,58%,Mid Leave,
87,Sarah Dines,,Conservative,Derbyshire Dales,,,Truss,Badenoch,-,2019,Yes,Leave,Yes,Lib Right,,,35%,51%,Soft Leave,
226,Scott Mann,,Conservative,North Cornwall,,,Truss,Truss,Harper,2015,Yes,Leave,,Lib Right,,Yes,29%,60%,Mid Leave,
75,Stephen Crabb,,Conservative,Preseli Pembrokeshire,,,Sunak,Sunak,Hunt,2005,No,Remain,,Lib Left,,,12%,55%,Soft Leave,
238,Stephen Metcalfe,,Conservative,South Basildon and East Thurrock,,,Mordaunt,Mordaunt,Cleverly,2010,No,Leave,,Auth Right,,,44%,73%,Heavy Leave,
20,Steve Baker,,Conservative,Wycombe,,,Truss,Braverman,Johnson,2010,No,Leave,Yes,Auth Left,,,8%,49%,Remain,
22,Steve Barclay,,Conservative,North East Cambridgeshire,,,Sunak,Sunak,Johnson,2010,Yes,Leave,,Auth Left,,,57%,69%,Heavy Leave,
8,Stuart Anderson,,Conservative,Wolverhampton South West,,,Truss,Truss,-,2019,No,?,,Auth Left,Yes,,4%,54%,Soft Leave,
9,Stuart Andrew,,Conservative,Pudsey,,,Sunak,Sunak,Johnson,2010,Yes,Leave,,Lib Right,,,6%,49%,Remain,
38,Suella Braverman,,Conservative,Fareham,,,Truss,Braverman,Raab,2015,Yes,Leave,Yes,Auth Left,,,46%,56%,Soft Leave,
345,Suzanne Webb,,Conservative,Stourbridge,,,Truss,Truss,-,2019,No,Remain,,Auth Right,,,30%,64%,Heavy Leave,
63,Theo Clarke,,Conservative,Stafford,,,Mordaunt,Mordaunt,-,2019,No,?,,Lib Right,,,28%,58%,Mid Leave,
228,Theresa May,,Conservative,Maidenhead,,,-,-,-,1997,No,Remain,,Lib Left,,Yes,33%,45%,Remain,
338,Theresa Villiers,,Conservative,Chipping Barnet,,,Sunak,Sunak,Johnson,2005,Yes,Leave,,Lib Left,,,2%,41%,Remain,
68,Therese Coffey,,Conservative,Suffolk Coastal,,,Truss,Truss,Johnson,2010,Yes,Remain,Yes,Auth Right,,,35%,55%,Soft Leave,
219,Tim Loughton,,Conservative,East Worthing and Shoreham,,,Mordaunt,Mordaunt,Leadsom,1997,No,Leave,,Lib Left,,,14%,54%,Soft Leave,
178,Tom Hunt,,Conservative,Ipswich,,,Truss,Badenoch,-,2019,No,?,Yes,Auth Left,Yes,,11%,57%,Mid Leave,
280,Tom Randall,,Conservative,Gedling,,,Sunak,Badenoch,-,2019,No,?,,Auth Right,Yes,,1%,56%,Mid Leave,
77,Tracey Crouch,,Conservative,Chatham and Aylesford,,,-,-,Hancock,2010,No,Undisc.,,Lib Left,,,43%,64%,Heavy Leave,
118,Vicky Ford,,Conservative,Chelmsford,,,Truss,Truss,Hunt,2017,Yes,?,,Lib Right,,Yes,31%,51%,Soft Leave,
13,Victoria Atkins,,Conservative,Louth and Horncastle,,,Sunak,Sunak,Javid,2015,Yes,Remain,,Lib Right,,,55%,69%,Heavy Leave,
76,Virginia Crosbie,,Conservative,Ynys MÃ´n,,,Truss,Javid,-,2019,No,?,,Auth Right,Yes,,5%,51%,Soft Leave,
253,Wendy Morton,,Conservative,Aldridge-Brownhills,,,Truss,Truss,Hunt,2015,Yes,Remain,,Auth Left,,,50%,68%,Heavy Leave,
278,Will Quince,,Conservative,Colchester,,,Sunak,Sunak,Hunt,2015,Yes,Leave,,Lib Right,,,18%,52%,Soft Leave,
355,William Wragg,,Conservative,Hazel Grove,,,-,-,Harper,2015,No,Leave,,Lib Left,,Yes,10%,52%,Soft Leave,